format,pc_success,successes,episodes,videos,output_dir,eval_info,prompt_audit
triplet_published,0.0000,0,10,10,C:/Users/hassa/OneDrive/Desktop/EmbodimentSemantic/vla_benchmarking/ablation_outputs/sg_format_ablation_2026_07_24_03_14_26/triplet_published,C:/Users/hassa/OneDrive/Desktop/EmbodimentSemantic/vla_benchmarking/ablation_outputs/sg_format_ablation_2026_07_24_03_14_26/triplet_published/eval_info.json,C:/Users/hassa/OneDrive/Desktop/EmbodimentSemantic/vla_benchmarking/ablation_outputs/sg_format_ablation_2026_07_24_03_14_26/triplet_published/prompt_audit.jsonl
triplet_human,0.0000,0,10,10,C:/Users/hassa/OneDrive/Desktop/EmbodimentSemantic/vla_benchmarking/ablation_outputs/sg_format_ablation_2026_07_24_03_14_26/triplet_human,C:/Users/hassa/OneDrive/Desktop/EmbodimentSemantic/vla_benchmarking/ablation_outputs/sg_format_ablation_2026_07_24_03_14_26/triplet_human/eval_info.json,C:/Users/hassa/OneDrive/Desktop/EmbodimentSemantic/vla_benchmarking/ablation_outputs/sg_format_ablation_2026_07_24_03_14_26/triplet_human/prompt_audit.jsonl
triplet_human_bar,,,,0,C:/Users/hassa/OneDrive/Desktop/EmbodimentSemantic/vla_benchmarking/ablation_outputs/sg_format_ablation_2026_07_24_03_14_26/triplet_human_bar,,C:/Users/hassa/OneDrive/Desktop/EmbodimentSemantic/vla_benchmarking/ablation_outputs/sg_format_ablation_2026_07_24_03_14_26/triplet_human_bar/prompt_audit.jsonl
triplet_human_shared_subject,,,,0,C:/Users/hassa/OneDrive/Desktop/EmbodimentSemantic/vla_benchmarking/ablation_outputs/sg_format_ablation_2026_07_24_03_14_26/triplet_human_shared_subject,,
natural_separate,,,,0,C:/Users/hassa/OneDrive/Desktop/EmbodimentSemantic/vla_benchmarking/ablation_outputs/sg_format_ablation_2026_07_24_03_14_26/natural_separate,,
natural_compact,,,,0,C:/Users/hassa/OneDrive/Desktop/EmbodimentSemantic/vla_benchmarking/ablation_outputs/sg_format_ablation_2026_07_24_03_14_26/natural_compact,,
natural_compact_current,,,,0,C:/Users/hassa/OneDrive/Desktop/EmbodimentSemantic/vla_benchmarking/ablation_outputs/sg_format_ablation_2026_07_24_03_14_26/natural_compact_current,,
natural_compact_no_label,,,,0,C:/Users/hassa/OneDrive/Desktop/EmbodimentSemantic/vla_benchmarking/ablation_outputs/sg_format_ablation_2026_07_24_03_14_26/natural_compact_no_label,,
natural_compact_context_first,,,,0,C:/Users/hassa/OneDrive/Desktop/EmbodimentSemantic/vla_benchmarking/ablation_outputs/sg_format_ablation_2026_07_24_03_14_26/natural_compact_context_first,,
